section,clause_number,clause_text,requirement_type
"Exception for trade fairs, exhibitions and demonstrations",5.b,that the pressure equipment or assembly is not in conformity with Part 2; and   that the pressure equipment or assembly must not be made available on the market or put  into service until brought into conformity.,must
Pressure equipment and assemblies subject to essential safety requirements,7.1.a,"The following assemblies which include at least one item of pressure equipment covered  by regulation 6 must satisfy the essential safety requirements set out in Schedule 2—   assemblies intended  for generating steam or superheated water at a temperature higher  than 110 °C comprising at least one item of fired or otherwise heated pressure equipment  presenting a risk of overheating;   assemblies other than those referred to in subparagraph , if the manufacturer intends  them to be made available on the market and put into service as assemblies.",must
Pressure equipment and assemblies subject to essential safety requirements,7.1.a,"above, assemblies intended for generating  warm water at temperatures not greater than 110°C which are manually fed with solid fuels and  have a PS·V greater than 50 bar·L must comply with only those essential safety requirements  referred to in paragraphs 14, 15, 30, 33",must
Requirement for pressure equipment and assemblies to comply with sound engineering  | practice,8.2.b,Pressure equipment and assemblies to which this regulation applies must be—   designed and manufactured in accordance with the sound engineering practice of a  Member State in order to ensure safe use; and   accompanied by adequate instructions for use.,must
Requirement for pressure equipment and assemblies to comply with sound engineering  | practice,8.3,Pressure equipment or assemblies to which this regulation applies must not bear the CE  marking referred to in Regulation 49 unless required to do so by other applicable EU legislation.,must
PART 2  | Obligations of economic operators  | Manufacturers  | Design and manufacture in accordance with essential safety requirements,9.1,"Before placing pressure equipment or an assembly referred to in regulation 6 or 7 on the  market or using it for their own purposes, a manufacturer must ensure that it has been designed  and manufactured in accordance with the essential safety requirements.",must
PART 2  | Obligations of economic operators  | Manufacturers  | Design and manufacture in accordance with essential safety requirements,9.2,"Before placing pressure equipment or an assembly referred to in regulation 8 on the market  or using it for their own purposes, a manufacturer must ensure that it complies with regulation  8",must
Technical documentation and conformity assessment,10.1.d,"Before placing pressure equipment or an assembly referred to in regulation 6 or 7 on  the market or using it for their own purposes, a manufacturer must—   classify it using the categories set out in Schedule 3 (classification of pressure  equipment), according to an ascending level of hazard;    determine the conformity assessment procedures to apply to the pressure equipment or  assembly in accordance with regulation 41 (conformity assessment procedure);   carry out the relevant conformity assessment procedure in respect of that pressure  equipment or assembly, or have such a procedure carried out; and   draw up the relevant technical documentation referred to in the conformity assessment  module followed in accordance with regulation 41.",must
Duty to keep technical documentation and EU declaration of conformity,12,A manufacturer must keep the technical documentation and the EU declaration of  conformity drawn up in respect of pressure equipment or an assembly and make them available for  inspection by the enforcing authorities for a period of 10 years beginning on the day on which the  pressure equipment or assembly is placed on the market.,must
Labelling of pressure equipment and assemblies,13.1.i.ii,"Before placing pressure equipment or an assembly on the market, a manufacturer  must—   ensure that it bears a type, batch or serial number or other element allowing its  identification; and   ensure that it is marked with—   the name, registered trade name or registered trade mark of the manufacturer; and   a single postal address at which the manufacturer can be contacted.",must
Labelling of pressure equipment and assemblies,13.1.b,"and  to be indicated  on the pressure equipment or assembly, the manufacturer must ensure that the information is  indicated on its packaging or in a document accompanying the pressure equipment or assembly.",must
Labelling of pressure equipment and assemblies,13.1.b,"must be in a language which can be easily understood  by consumers, other users and market surveillance authorities in the member State in which it is to  be made available to such users.",must
Instructions and safety information,14.1,"When placing pressure equipment or an assembly referred to in regulation 6 or 7 on the  market, a manufacturer must ensure that it is accompanied by instructions and safety information  in a language which can be easily understood by consumers and other users.",must
Instructions and safety information,14.1,must include the  information listed in paragraphs 29 and 30 of Schedule 2.,must
Instructions and safety information,14.3,"When placing pressure equipment or an assembly covered by regulation 8 on the market, a  manufacturer must ensure that it is accompanied by adequate instructions for use in a language  which can be easily understood by consumers and other users.",must
Compliance procedures for series production,15.1,A manufacturer of pressure equipment or assemblies which are manufactured by series  production must ensure that procedures are in place to ensure that any pressure equipment or  assemblies so manufactured will be in conformity with Part 2.,must
Compliance procedures for series production,15.2.b,"In doing so, the manufacturer must take adequate account of—   any change in pressure equipment or assembly design or characteristics; and   any change in a harmonised standard or in another technical specification by reference to  which the EU declaration of conformity was drawn up.",must
Monitoring,16.1.d.iii,"When appropriate, with regard to the risks to the health and safety of consumers and  other users presented by pressure equipment or assemblies, the manufacturer must—   carry out sample testing of pressure equipment or assemblies made available on the  market;   investigate complaints that pressure equipment or assemblies are not in conformity with  Part 2;   keep a register of—   complaints that pressure equipment or assemblies are not in conformity with Part 2;   pressure equipment or assemblies which are found not to be in conformity with Part  2; and   pressure equipment or assemblies recalls; and   keep distributors informed of any monitoring carried out under this regulation.",must
Monitoring,16.2,The manufacturer must keep an entry made in the register for a period of at least 10 years  beginning on the day on which the obligation to make the entry arose.,must
Duty to take action in respect of pressure equipment or assemblies placed on the market  | which are considered not to be in conformity,17.1.c,"A manufacturer who considers, or has reason to believe, that pressure equipment or an  assembly which that manufacturer has placed on the market is not in conformity with Part 2 must  immediately take the corrective measures necessary to—   bring the pressure equipment or assembly into conformity;   withdraw the pressure equipment or assembly; or   recall the pressure equipment or assembly.",must
Duty to take action in respect of pressure equipment or assemblies placed on the market  | which are considered not to be in conformity,17.2.b,"Where pressure equipment or an assembly presents a risk, the manufacturer must  immediately inform the market surveillance authority, and the competent national authorities of  any other  member State in which the manufacturer made the pressure equipment or assembly  available on the market, of the risk, giving details of—   the respect in which the pressure equipment or assembly is considered not to be in  conformity with Part 2; and   any corrective measures taken.",must
Provision of information and cooperation,18.1,"Further to a request from an enforcing authority, and within such period as the  authority may specify, a manufacturer must provide the authority with all the information and  documentation necessary to demonstrate that pressure equipment or an assembly is in conformity  with Part 2.",must
Provision of information and cooperation,18.1.b,—   may only be made during the period of 10 years beginning on the day the pressure  equipment or assembly was placed on the market; and   must be accompanied by the reasons for making the request.,must
Provision of information and cooperation,18.1.b,—   may be provided electronically; and   must be in a language which can be easily understood by the enforcing authority.,must
Provision of information and cooperation,18.4.b,"A manufacturer must, at the request of the enforcing authority, cooperate with that authority  on any action taken to—   evaluate pressure equipment or an assembly in accordance with regulation  70 (evaluation  of pressure equipment or assemblies presenting a risk); or   eliminate the risks posed by pressure equipment or an assembly which the manufacturer  has placed on the market.  Manufacturer’s authorised representatives",must
Provision of information and cooperation,19.2.b,The mandate must allow the authorised representative to do at least the following in relation  to pressure equipment or assemblies covered by the mandate—   perform the manufacturer’s obligations under regulation 12 (duty to keep technical  documentation and EU declaration of conformity); and   perform the manufacturer’s obligations under regulation 18 (provision of information and  cooperation).,must
Provision of information and cooperation,19.1.b,(technical documentation and conformity  assessment) must not form part of an authorised representative’s mandate.,must
Provision of information and cooperation,19.4,"An authorised representative must comply with all the duties imposed on the manufacturer in  relation to each obligation under these Regulations that the representative is appointed by the  manufacturer to perform and, accordingly as far as those duties, as well as the penalties for failure  to comply with those duties, are concerned, references in these Regulations (except in this  regulation) to the manufacturer are to be taken as including a reference to the authorised  representative.",must
Importers  | Prohibition on placing on the market pressure equipment or assemblies which are not in  | conformity,20,An importer must not place pressure equipment or an assembly on the market unless it is in  conformity with Part 2.,must
Requirements which must be satisfied before an importer places pressure equipment or  | assemblies on the market,21.1.d.ii,"Before placing pressure equipment or an assembly referred to in regulation 6 or 7 on  the market, an importer must ensure that—   the relevant conformity assessment procedure has been carried out;   the manufacturer has drawn up the technical documentation;   the pressure equipment or assembly—   bears the CE marking; and   is accompanied by the required documents; and   the manufacturer has complied with the requirements of regulation 13 (labelling).",must
Requirements which must be satisfied before an importer places pressure equipment or  | assemblies on the market,21.3.c,"Before placing pressure equipment or an assembly referred to in regulation 8 on the market,  an importer must ensure that—   the manufacturer has drawn up the technical documentation;   the pressure equipment or assembly is accompanied by adequate instructions for use and  any required documents; and   the manufacturer has complied with the requirements of regulation 13 (labelling).",must
Prohibition on placing on the market pressure equipment or assemblies considered not to be  | in conformity with the essential safety requirements,22.1,"Where an importer considers, or has reason to believe, that pressure equipment or an  assembly referred to in Regulation 6 or 7 is not in conformity with the essential safety  requirements, the importer must not place the pressure equipment or assembly on the market.",must
Prohibition on placing on the market pressure equipment or assemblies considered not to be  | in conformity with the essential safety requirements,22.2,"Where pressure equipment or an assembly presents a risk, the importer must inform the  manufacturer and the market surveillance authority of that risk.",must
Information identifying importer,23.1.b,"Before placing pressure equipment or an assembly on the market, an importer must  indicate on the pressure equipment or assembly—   the name, registered trade name or registered trade mark of the importer; and   a postal address at which the importer can be contacted.",must
Information identifying importer,23.1,must be in a language which can be easily  understood by consumers and other users and the market surveillance authority in the member  State in which it is to be made available to such users.,must
Information identifying importer,23.1.b,"on pressure  equipment, the importer must indicate that information—   on the packaging; or   in a document accompanying the pressure equipment or assembly.",must
Instructions and safety information,24.1,"When placing pressure equipment or an assembly referred to in regulation 6 or 7 on the  market, an importer must ensure that it is accompanied by instructions and safety information in a  language which can be easily understood by consumers and other users.",must
Instructions and safety information,24.1,must include the  information listed in paragraphs 29 and 30 of Schedule 2.,must
Instructions and safety information,24.3,"When placing pressure equipment or an assembly covered by regulation 8 on the market, an  importer must ensure that it is accompanied by instructions and safety information in a language  which can be easily understood by consumers and other users.",must
Instructions and safety information,24.3,must be English.,must
Storage and transport,25,"Where an importer has responsibility for pressure equipment or an assembly referred to in  Regulation 6 or 7, the importer must ensure that the conditions under which the pressure  equipment or assembly is stored or transported do not jeopardise its conformity with the essential  safety requirements.",must
Monitoring,26.1.d.iii,"Where appropriate, having regard to the risks to the health and safety of consumers and  other users presented by the pressure equipment or assemblies, the importer must—   carry out sample testing of pressure equipment and assemblies made available on the  market by the importer;   investigate complaints of pressure equipment and assemblies made available on the  market by the importer which are not in conformity with Part 2;   keep a register of—   complaints that pressure equipment or assemblies are not in conformity with Part 2;   pressure equipment or assemblies which are found not to be in conformity with Part  2; and   pressure equipment or assemblies recalls; and   keep distributors informed of any monitoring carried out under this regulation.",must
Monitoring,26.2,The importer must keep an entry made in the register for a period of at least 10 years  beginning on the day on which the obligation to make the entry arose.,must
Duty to take action in respect of pressure equipment or assemblies placed on the market  | considered not to be in conformity,27.1.c,"An importer who considers, or has reason to believe, that pressure equipment or an  assembly which that importer has placed on the market is not in conformity with Part 2 must  immediately take the corrective measures necessary to—   bring that pressure equipment or assembly into conformity;   withdraw the pressure equipment or assembly; or   recall the pressure equipment or assembly.",must
Duty to take action in respect of pressure equipment or assemblies placed on the market  | considered not to be in conformity,27.2.a,"Where the pressure equipment  or assembly presents a risk, the importer must immediately  inform the market surveillance authority and the competent national authorities of any other  member State in which the importer made the pressure equipment or assembly available on the  market of the risk, giving details of—   the respect in which the pressure equipment or assembly is considered not to be in  conformity with Part 2; and",must
Provision of information and cooperation,29.1,"Following a request from an enforcing authority, and within such period as the  authority may specify, an importer must provide the authority with all the information and  documentation necessary to demonstrate that pressure equipment or an assembly is in conformity  with Part 2.",must
Provision of information and cooperation,29.1.b,—   may only be made during the period of 10 years beginning on the day the importer places  the pressure equipment or assembly on the market; and   must be accompanied by the reasons for making the request.,must
Provision of information and cooperation,29.1.b,—   may be provided electronically; and   must be in a language which can be easily understood by the enforcing authority.,must
Provision of information and cooperation,29.4.b,"An importer must, at the request of the enforcing authority, cooperate with that authority on  any action taken to—   evaluate pressure equipment or assemblies in accordance with regulation  70 (evaluation  of pressure equipment or assemblies presenting a risk); or   eliminate the risks posed by pressure equipment or assemblies which the importer has  placed on the market.",must
Distributors  | Duty to act with due care,30,"When making pressure equipment or an assembly available on the market, a distributor must  act with due care to ensure that it is in conformity with Part 2.",must
Requirements which must be satisfied before a distributor makes pressure equipment or  | assemblies available on the market),31.1.c.iii,"Before making pressure equipment or an assembly referred to in regulation 6 or 7  available on the market, the distributor must verify that—   the pressure equipment or assembly—   bears the CE marking;   is accompanied by the required documents;   the instructions and safety information are in a language which can be easily  understood by consumers and other users in the member State in which the pressure  equipment or assembly is to be made available on the market;   the manufacturer has complied with the requirements of regulation 13 (labelling of  pressure equipment and assemblies); and   the importer has complied with the requirements of regulation 23 (information identifying  importer).",must
Storage and transport,32,"Where a distributor has responsibility for pressure equipment or an assembly referred to in  Regulation 6 or 7, the distributor must ensure that the conditions under which the pressure  equipment or assembly is stored or transported do not jeopardise its conformity with the essential  safety requirements.",must
Prohibition on making available on the market where pressure equipment or assemblies are  | not considered to be in conformity with essential safety requirements,33.1,"Where a distributor considers, or has reason to believe, that pressure equipment or an  assembly referred to in Regulation 6 or 7 is not in conformity with the essential safety  requirements, the distributor must not make the pressure equipment or assembly available on the  market until it has been brought into conformity.",must
Prohibition on making available on the market where pressure equipment or assemblies are  | not considered to be in conformity with essential safety requirements,33.2.b,"Where the pressure equipment or assembly presents a risk, the distributor must inform the  following persons of the risk—   the manufacturer or the importer; and   the market surveillance authority.",must
Duty to take action in respect of pressure equipment made available on the market which  | are not in conformity,34.1.c,"A distributor who considers, or has reason to believe, that pressure equipment or  assemblies which the distributor has made available on the market is not in conformity with Part 2  must make sure that the necessary corrective measures are taken to—   bring that pressure equipment or assembly into conformity;   withdraw the pressure equipment or assembly; or   recall the pressure equipment or assembly.",must
Duty to take action in respect of pressure equipment made available on the market which  | are not in conformity,34.2.b,"Where the pressure equipment or assembly presents a risk, the distributor must immediately  inform the market surveillance authority, and the competent national authorities of the member  States in which the distributor has made the pressure equipment or assembly available on the  market, of that risk, giving details of—   the respect in which pressure equipment is considered not to be in conformity with Part 2;  and   any corrective measures taken.",must
Provision of information and cooperation,35.1,"Following a request from an enforcing authority, and within such period as the  authority may specify, a distributor must provide the authority with all the information and  documentation necessary to demonstrate that pressure equipment or an assembly is in conformity  with Part 2.",must
Translation of EU declaration of conformity,37.1,"Before making pressure equipment or an assembly available on the market, an  economic operator must ensure that the EU declaration of conformity is prepared in, or translated  into, the language required by the member State in which it is to be made available on the market.",must
Identification of economic operators,38.1.b,"An economic operator (“E”) who receives a request in relation to pressure equipment  or an assembly from the market surveillance authority before the end of the relevant period must,  within such period as that authority may specify, identify to the authority—   any other economic operator who has supplied E with the pressure equipment or  assembly; and   any other economic operator to whom E has supplied the pressure equipment or  assembly.",must
Prohibition on improper use of CE marking,39.1.b,An economic operator must not affix the CE marking to pressure equipment or an  assembly unless—   that economic operator is the manufacturer of the pressure equipment or assembly; and   the conformity of the pressure equipment or assembly with the essential safety  requirements has been demonstrated by a relevant conformity assessment procedure.,must
Prohibition on improper use of CE marking,39.2,An economic operator must not affix the CE marking to pressure equipment or an assembly  where—,must
Conformity assessment procedures,41,"For the assessment of conformity of pressure equipment falling within regulation 6, the  manufacturer must determine the applicable category in accordance with the procedure set out in  Schedule 3.",must
Conformity assessment procedures,42.1.d,"The manufacturer must follow one of the following conformity assessment procedures  referred to in Annex III to the Directive (as amended from time to time) according to the category  in which the equipment is classified—   Category I: Module A;   Category II: Module A2; or, at the choice of the manufacturer, Module D1; or Module  E1;   Category III: Modules B (design type) + D; or, at the choice of the manufacturer,  Modules B (design type) + F; or Modules B (production type) + E; or Modules B  (production type) + C2; or Module H;   Category IV:  Modules B (production type) + D; or, at the choice of the manufacturer,  Modules B (production type) + F; or Module G; or Module H1.",must
Conformity assessment procedures,43.1.b.ii,"The notified body or user inspectorate must, when performing unexpected visits in the  framework of quality assurance procedures for pressure equipment in categories III and IV in  regulation 6, 6(aa) or 6, take a sample of equipment from the manufacturing or",must
Conformity assessment procedures,44.b,"under the module H procedure, the notified body or user inspectorate must  perform or have performed the final assessment, as referred to in paragraph 25 of Schedule 2, for  each unit.",must
Conformity assessment procedures,45.c,"the assessment (the procedure for which is to be determined by the category of each item)  of each item of pressure equipment making up the assembly and referred to in regulation  6 which has not been previously subjected to a conformity assessment procedure and to a  separate CE marking;   the assessment of the integration of the components of the assembly as referred to in  paragraphs 7, 12 and 13 of Schedule 2 which must be determined by the highest category  applicable to the equipment concerned other than that applicable to any safety  accessories; and   the assessment of the protection of an assembly against exceeding the permissible  operating limits as referred to in paragraph 14 and 28 of Schedule 2 which must be  conducted against the highest category applicable to individual items of equipment  included in the assembly.",must
Conformity assessment procedures,47,"The records and correspondence relating to conformity assessment must be in an official  language of the Member State where the body responsible for carrying out such conformity  assessment procedures is established, or in a language accepted by that body.",must
CE marking,49.1.b,"Before placing on the market, the CE marking must be affixed visibly, legibly and  indelibly to the following:   any item of pressure equipment referred to in regulation 6 or its dataplate; and   any assembly referred to in regulation 7 or its dataplate.",must
European approval for materials,50.2,"European approval for materials must be issued, at the request of one or more manufacturers  of materials or equipment, by an issuing body.",must
European approval for materials,50.3,"The issuing body must determine and perform, or arrange for the performance of, the  appropriate inspections and tests to certify the conformity of the types of material with the  corresponding requirements of these Regulations.",must
European approval for materials,50.4,"In the case of materials recognised as being safe to use before 29 November 1999, the  issuing body must take account of the existing data when certifying such conformity.",must
European approval for materials,50.5,"Prior to issuing a European approval for materials, the issuing body must inform the other  member States and the Commission by sending them the appropriate information.",must
European approval for materials,50.6,"Where, within three months of being informed by the issuing body, a member State or the  Commission provides comments with reasons, the issuing body must take those comments into  account before issuing the European approval for materials.",must
European approval for materials,50.7,"A copy of the European approval for materials must be sent to the member States, the bodies  notified under regulation 55 and the Commission.",must
European approval for materials,50.8,The issuing body must withdraw its approval if it finds that it should not have been issued or  that the type of materials is covered by a harmonised standard.,"must, should"
European approval for materials,50.9,"If an issuing body withdraws approval for materials under paragraph 8, it must immediately  inform the other member States and the bodies notified under regulation 55 of that withdrawal.",must
Notification,55.2.b,"When deciding whether to notify a conformity assessment body to the European  Commission and the other member States, the Secretary of State may—   have regard to any other matter which appears to the Secretary of State to be relevant; and   set conditions that the conformity assessment body must meet.",must
Notification,55.3,"The Secretary of State must inform the European Commission of the United Kingdom’s  procedures for the assessment and notification of conformity assessment bodies, and any changes  to those procedures.",must
Notification,58.2.i.iv,The conformity assessment body must make an application to the Secretary of State for  notification as a user inspectorate and that application must be accompanied by—   a description of—   the conformity assessment activities that the conformity assessment body intends to  carry out;   the conformity assessment modules for which the conformity assessment body  claims to be competent; and   the pressure equipment or assemblies for which the conformity assessment body  claims to be competent;   a list of the establishments satisfying the requirement in paragraph,must
Notification,58.3,The Secretary of State must be satisfied that the conformity assessment body meets the user  inspectorate requirements.,must
Notification,58.5,"The group of which the user inspectorate is part must apply a common safety policy as  regards the technical specifications for the design, manufacture, inspection, maintenance and use  of pressure equipment and assemblies.",must
Notification,58.6,The user inspectorate must act exclusively for the group of which it is part.,must
Monitoring,60.1.b,"The Secretary of State must monitor each notified body, recognised third party  organisation and user inspectorate with a view to verifying that the notified body, recognised third  party organisation or user inspectorate—   continues to meet the notified body requirements or user inspectorate requirements, as  applicable;   meets any conditions set in accordance with regulation 55",must
Monitoring,60.2,"The Secretary of state must inform the European Commission of the United Kingdom’s  procedures for the monitoring of notified bodies, recognised third party organisations and user  inspectorates, and any changes to those procedures.",must
Changes to notifications,63.1,"Where the Secretary of State determines that a user inspectorate no longer meets the  user inspectorate requirements, or that it is failing to fulfil its obligations under these Regulations,  the Secretary of State must restrict, suspend or withdraw that body’s status as a user inspectorate  under regulation 53.",must
Changes to notifications,63.2,", the Secretary of State must  have regard to the seriousness of the failure.",must
Changes to notifications,63.2.b,", the Secretary of State must—   give notice in writing that the Secretary of State intends to take such action and the  reasons for taking such action; and   give the user inspectorate an opportunity to make representations within a reasonable  period from the date of that notice and consider any such representations.",must
Changes to notifications,63.2,", the Secretary of State  must immediately inform the Commission and the other member States.",must
Changes to notifications,63.2.a,", or where the user  inspectorate has ceased its activity, the body must—   on the request of the Secretary of State, transfer its files relating to the activities it has  undertaken as a user inspectorate to another notified body or recognised third party  organisation or to the Secretary of State; or",must
"Operational matters in relation to notified bodies, recognised third party organisations and  | user inspectorates",64.1,"When a conformity assessment body carries out a relevant conformity assessment  procedure, it must do so in accordance with Schedule 6 (operational obligations of notified bodies,  recognised third parties and user inspectorates).",must
"Operational matters in relation to notified bodies, recognised third party organisations and  | user inspectorates",64.2.b,"A notified body must make provision for a manufacturer to be able to appeal against a  refusal by the body—   to issue an EU-type examination certificate in relation to a conformity assessment  procedure; or   to affix, or cause to be affixed, the body’s identification number pursuant to regulation 49  (CE marking).",must
Subsidiaries and contractors,65.2.b,"The notified body, recognised third party organisation or user inspectorate must—   ensure that the subcontractor or subsidiary meets the notified body requirements or user  inspectorate requirements, as applicable; and   inform the Secretary of State accordingly.",must
Subsidiaries and contractors,65.3,"The notified body, recognised third party organisation or user inspectorate must have  obtained the agreement of the client to the use of a subcontractor or subsidiary.",must
Subsidiaries and contractors,65.4.b,"Where a notified body, recognised third party organisation or user inspectorate subcontracts  specific conformity assessment activities, or has such activities carried out by a subsidiary, the  notified body, recognised third party organisation or user inspectorate must for a period of 10  years beginning on the day on which the activities are carried out, keep available for inspection by  the Secretary of State the documentation concerning—   the assessment of the qualifications of the subcontractor or the subsidiary; and   the conformity assessment activities carried out by the subcontractor or subsidiary.",must
Subsidiaries and contractors,65.5,"When monitoring a notified body, recognised third party organisation or user inspectorate in  accordance with regulation 60, the Secretary of State must treat the notified body, recognised third  party organisation or user inspectorate as responsible for the tasks performed by a subcontractor or  subsidiary, wherever the subcontractor or subsidiary is established.",must
Enforcement,67.2,", these Regulations and RAMS (in its application to pressure  equipment or assemblies) must be enforced by the market surveillance authority.",must
Enforcement,67.2,", an enforcing authority which is not  the market surveillance authority must notify the market surveillance authority of the proposed  action.",must
Evaluation of pressure equipment or assemblies presenting a risk,70.1,"Where the market surveillance authority has sufficient reason to believe that pressure  equipment or an assembly presents a risk, the market surveillance authority must carry out an  evaluation to determine whether that pressure equipment or assembly is in conformity with the  requirements of Part 2 applying in respect of that equipment or assembly.",must
Enforcement action in respect of pressure equipment or assemblies which are not in  | conformity and which present a risk,71.1.c,"Where, in the course of an evaluation referred to in regulation 70, an enforcing  authority finds that pressure equipment or an assembly is not in conformity with Part 2, it must,  without delay, require a relevant economic operator to—   take all appropriate corrective action to bring the pressure equipment or assembly into  conformity with those requirements within a prescribed period;   withdraw the pressure equipment or assembly within a prescribed period; or   recall the pressure equipment or assembly within a prescribed period.",must
Enforcement action in respect of pressure equipment or assemblies which are not in  | conformity and which present a risk,71.2.b,The enforcing authority must inform the notified body which carried out the conformity  assessment procedure in respect of the pressure equipment or assembly of—   the respect in which the pressure equipment or assembly  is not in conformity with Part 2;  and   the action which the enforcing authority has required the relevant economic operator to  take.,must
Enforcement action in respect of pressure equipment or assemblies which are not in  | conformity and which present a risk,71.1.a,"is not restricted to the United Kingdom, it must notify the  Secretary of State of—   the results of the evaluation; and    the actions which it has required the economic operator to take.                                                                                                                                                S.I. 2005/1083.",must
EU safeguard procedure,72.1.b,"Where another member State has initiated the procedure under Article 40 of the  Directive (as amended from time to time), each enforcing authority (other than the Secretary of  State) must, without delay, inform the Secretary of State of—   any measures taken by the enforcing authority in respect of the pressure equipment or  assembly which is the subject of the procedure;   any additional information which the enforcing authority has at its disposal relating to the  lack of conformity of the pressure equipment or assembly.",must
EU safeguard procedure,72.2.a,"Where another member State has initiated the procedure under Article 40 of the Directive (as  amended from time to time), the Secretary of State must, without delay, inform the European  Commission and the other member States of—   any measures taken by an enforcing authority in respect of the pressure equipment or  assembly which is the subject of the procedure;",must
"Pressure equipment or assemblies which are in conformity, but present a risk",73.1.c,"Where, having carried out an evaluation under regulation 70, an enforcing authority  finds that although pressure equipment is in conformity with Part 2, it presents a risk, the  enforcing authority must require a relevant economic operator to take all appropriate measures  to—   ensure that the pressure equipment or assembly, when placed on the market, no longer  presents a risk;   withdraw the pressure equipment or assembly within a prescribed period;   recall the pressure equipment or assembly within a prescribed period.",must
"Pressure equipment or assemblies which are in conformity, but present a risk",73.1,", it must notify the Secretary of State immediately.",must
"Pressure equipment or assemblies which are in conformity, but present a risk",73.1,", the Secretary of State must notify the European Commission and the other member  States immediately.",must
"Pressure equipment or assemblies which are in conformity, but present a risk",73.3.d,"must include all available details about the  pressure equipment or assembly and, in particular—   the data necessary for the identification of the pressure equipment or assembly;   the origin and the supply chain of the pressure equipment or assembly;   the nature of the risk involved; and   the nature and duration of the measures taken by the enforcing authority.",must
"Pressure equipment or assemblies which are in conformity, but present a risk",74.1.f.ii,"Where an enforcing authority makes one of the following findings in relation to  pressure equipment or an assembly, it must require a relevant economic operator to remedy the  non-compliance within a specified period—   the CE marking—   has not been affixed; or   has been affixed otherwise than in accordance with regulations 39 (Prohibition on  improper use of CE marking) and 49 (CE marking);   where a notified body is involved in the production control phase for the pressure  equipment or assembly, the identification number of the notified body—   has not been affixed; or   has been affixed otherwise than in accordance with regulation 49;   the EU declaration of conformity—   has not been drawn up;   has been drawn up otherwise than in accordance with regulations 11 (EU declaration  of conformity and CE marking) and 48 (EU declaration of conformity);   the technical documentation is either not available or not complete;   the following information is absent, false or incomplete—   the information specified in regulation 13 (labelling of pressure equipment and  assemblies); or   the information specified in regulation 14 (instructions and safety information);   any other administrative requirement imposed on the manufacturer or importer under Part  2 has not been fulfilled.",must
"Pressure equipment or assemblies which are in conformity, but present a risk",74.2,"Until the specified period has elapsed, the enforcing authority must not commence  proceedings under these Regulations, or take any other enforcement action under these  Regulations, against the relevant economic operator in respect of the non-compliance concerned.",must
"Pressure equipment or assemblies which are in conformity, but present a risk",74.1.c,"persists, the enforcing authority must  take appropriate measures to—   restrict or prohibit the pressure equipment or assembly being made available on the  market;   ensure that the pressure equipment or assembly is withdrawn; or   ensure that the pressure equipment or assembly is recalled.",must
Defence of due diligence,78.3.i.ii,"The notice must—   give any information in P’s possession which identifies or assists in identifying the  person who—   committed the act or default; or   supplied the information on which P relied.   be served on the person bringing the proceedings not less than seven clear days before—   in England, Wales and Northern Ireland, the hearing of the proceedings;   in Scotland, the trial diet.",must
Service of documents,81.5,"If a person to be served with a document has specified an address in the United Kingdom  (other than that person’s proper address) at which that person or someone on that person’s behalf  will accept service, that address must also be treated as that person’s proper address.",must
Appeals against notices,84.2,An application must be made before the end of the period of 21 days beginning with the day  on which the notice was served.,must
PART 6  | Miscellaneous  | Review,87.1.c,The Secretary of State must from time to time—   carry out a review of these Regulations;   set out the conclusions of the review in a report; and   publish the report.,must
PART 6  | Miscellaneous  | Review,87.2,"In carrying out the review the Secretary of State must, so far as is reasonable, have regard to  how the Directive is implemented in other member States.",must
PART 6  | Miscellaneous  | Review,87.3.c,"The report must, in particular—   set out the objectives intended to be achieved by the regulatory system established by  these Regulations;   assess the extent to which those objectives are achieved; and   assess whether those objectives remain appropriate and, if so, the extent to which they  could be achieved by a system that imposes less regulation.",must
PART 6  | Miscellaneous  | Review,87.4,The first report under this regulation must be published before the end of the period of five  years beginning on the commencement date.,must
"SCHEDULE 2  | Regulations 2(1), 6, 7(1) and (2)  | Essential Safety Requirements  | PART 1  | GENERAL",1.3,"The manufacturer must analyse the hazards and risks in order to identify those which apply  to the equipment on account of pressure, and must then design and construct it taking account of  that analysis.",must
"SCHEDULE 2  | Regulations 2(1), 6, 7(1) and (2)  | Essential Safety Requirements  | PART 1  | GENERAL",2.1,"Pressure equipment must be designed, manufactured and checked, and if applicable  equipped and installed, in such a way as to ensure its safety when put into service in accordance  with the manufacturer’s instructions, or in reasonably foreseeable conditions.",must
"SCHEDULE 2  | Regulations 2(1), 6, 7(1) and (2)  | Essential Safety Requirements  | PART 1  | GENERAL",2.2.c,"In choosing the most appropriate solutions, the manufacturer must apply the principles set  out below in the following order—   eliminate or reduce hazards as far as is reasonably practicable;   apply appropriate protection measures against hazards which cannot be eliminated;   where appropriate, inform users of residual hazards and indicate whether it is necessary to  take appropriate special measures to reduce the risks at the time of installation and/or use.",must
"SCHEDULE 2  | Regulations 2(1), 6, 7(1) and (2)  | Essential Safety Requirements  | PART 1  | GENERAL",2.3,"Where the potential for misuse is known or can be clearly foreseen, the pressure equipment  must be designed to prevent risks from such misuse or, if that is not possible, adequate warning  given that the pressure equipment must not be used in that way.",must
PART 2  | DESIGN  | General,3.1,Pressure equipment must be properly designed taking all relevant factors into account in  order to ensure that the equipment will be safe throughout its intended life.,must
PART 2  | DESIGN  | General,3.2,The design of pressure equipment must incorporate appropriate safety coefficients using  comprehensive methods which are known to incorporate adequate safety margins against all  relevant failure modes in a consistent manner.,must
Design for adequate strength,4.1,"Pressure equipment must be designed for loadings appropriate to its intended use and  must take account of other reasonably foreseeable operating conditions, including, in particular,  the following factors—",must
Calculation method,5.1.b,"As regards pressure containment and other loading aspects—   the allowable stresses for pressure equipment must be limited having regard to reasonably  foreseeable failure modes under operating conditions, for which purpose safety factors  must be applied to eliminate fully any uncertainty arising out of manufacture, actual  operational conditions, stresses, calculation models and the properties and behaviour of  the material; and   the calculation methods used must provide sufficient safety margins consistent, where  applicable, with the requirements of Part 6.",must
Calculation method,5.3.v.vi,"As regards resistance—   appropriate design calculations must be used to establish the resistance of the pressure  equipment concerned; and in particular—   the calculation pressures must not be less than the maximum allowable pressures and  take into account static head and dynamic fluid pressures and the decomposition of  unstable fluids;    where a vessel is separated into individual pressure-containing chambers, the  partition wall must be designed on the basis of the highest possible chamber pressure  relative to the lowest pressure possible in the adjoining chamber;   the calculation temperatures must allow for appropriate safety margins;   the design must take appropriate account of all possible combinations of temperature  and pressure which might arise under reasonably foreseeable operating conditions  for the equipment;   the maximum stresses and peak stress concentrations must be kept within safe limits;   the calculation for pressure containment must utilise the values appropriate to the  properties of the material, based on documented data, having regard to the provisions  set out in Part 4 together with appropriate safety factors; material characteristics to  be considered, where applicable, include—",must
Experimental design methods,6.2,"The test programme must be clearly defined prior to testing and accepted by the notified  body responsible for the design conformity assessment module, where it exists.",must
Experimental design methods,6.3,The test programme must define test conditions and criteria for acceptance or refusal and the  actual values of the essential dimensions and characteristics of the materials which constitute the  equipment tested must be measured before the test.,must
Experimental design methods,6.4,"Where appropriate, during tests, it must be possible to observe the critical zones of the  pressure equipment with adequate instrumentation capable of registering strains and stresses with  sufficient precision.",must
Experimental design methods,6.5.c.ii,"The test programme must include—   a pressure strength test, to check that, at a pressure with a defined safety margin in  relation to the maximum allowable pressure, the equipment does not exhibit significant  leaks or deformation exceeding a determined threshold, for which the test pressure  must—    be determined on the basis of the differences between the values of the geometrical  and material characteristics measures under test conditions and the values used for  design purposes;    take into account the differences between the test and design temperatures;   where the risk of creep or fatigue exists, appropriate tests determined on the basis of the  service conditions laid down for the equipment, for example hold time at specified  temperatures, number of cycles at specified stress-levels;   where necessary, additional tests concerning other factors referred to in paragraph 4 such  as corrosion and external damage.",must
Provisions to ensure safe handling and operation,7.1.e,"The method of operation specified for pressure equipment must be such as to preclude  any reasonably foreseeable risk in operation of the equipment, and particular attention must be  paid, where appropriate, to—   closures and openings;   dangerous discharge of pressure relief blow-off;   devices to prevent physical access whilst pressure or a vacuum exists;   surface temperature taking into consideration the intended use;   decomposition of unstable fluids.",must
Provisions to ensure safe handling and operation,7.2,"In particular, pressure equipment fitted with an access door must be equipped with an  automatic or manual device enabling the user easily to ascertain that the opening will not present  any risk, and where the opening can be operated quickly, the pressure equipment must be fitted  with a device to prevent it being opened whenever the pressure or temperature of the fluid presents  a risk.",must
Means of examination,8.1,Pressure equipment must be designed and constructed so that all necessary examinations  to ensure safety can be carried out.,must
Means of examination,8.2,"Where it is necessary to ensure the continued safety of the equipment, means of determining  the internal condition of the equipment must be available (such as access openings allowing  physical access to the inside of the pressure equipment) so that appropriate examinations can be  carried out safely and ergonomically.",must
Corrosion or other chemical attack,10,"Where necessary, adequate allowance or protection against corrosion or other chemical  attack must be provided, taking due account of the intended and reasonably foreseeable use.",must
Protection against exceeding the allowable limits of pressure equipment,14.1,"Where, under reasonably foreseeable conditions, the allowable limits could be  exceeded, the pressure equipment must be fitted with, or provision made for the fitting of, suitable  protective devices, unless the equipment is intended to be protected by other protective devices  within an assembly.",must
Protection against exceeding the allowable limits of pressure equipment,14.2,The suitable device or combination of such devices must be determined on the basis of the  particular characteristics of the equipment or assembly.,must
Safety accessories,15.1.c,"Safety accessories must—   be so designed and constructed as to be reliable and suitable for their intended duty and  take into account the maintenance and testing requirements of the devices, where  applicable;   be independent of other functions, unless their safety function cannot be affected by such  other functions;   comply with appropriate design principles in order to obtain suitable and reliable  protection, including, in particular, fail-safe modes, redundancy, diversity and self- diagnosis.",must
Pressure limiting devices,16,"Pressure limiting devices must be so designed that the pressure will not permanently exceed  the maximum allowable pressure PS; provided that a short duration pressure surge in keeping with  the specifications laid down in paragraph 39 is allowable, where appropriate.",must
Temperature monitoring devices,17,"Temperature monitoring devices must have an adequate response time on safety grounds,  consistent with the measurement function.",must
External fire,18,"Where necessary, pressure equipment must be so designed and, where appropriate, fitted  with suitable accessories, or provision made for their fitting, to meet damage-limitation  requirements in the event of external fire, having particular regard to its intended use.",must
PART 3  | MANUFACTURING  | Manufacturing procedures,19,"The manufacturer must ensure the competent execution of the provisions set out at the  design stage by applying the appropriate techniques and relevant procedures, especially with a  view to the aspects set out in this Part.",must
Preparation of the component parts,20,Preparation of the component parts (for example forming and chamfering) must not give rise  to defects or cracks or changes in the mechanical characteristics likely to be detrimental to the  safety of the pressure equipment.,must
Permanent joining,21.1,Permanent joints and adjacent zones must be free of any surface or internal defects  detrimental to the safety of the equipment.,must
Permanent joining,21.2,The properties of permanent joints must meet the minimum properties specified for the  materials to be joined unless other relevant property values are specifically taken into account in  the design calculations.,must
Permanent joining,21.3.b,"For pressure equipment, permanent joining of components which contribute to the pressure  resistance of equipment and components which are directly attached to them must be carried out  by suitably qualified personnel according to suitable operating procedures and for pressure  equipment in categories II, III and IV, operating procedures and personnel must be approved by a  competent third party which, at the manufacturer’s discretion, may be—   a notified body; or   a recognised third-party organisation.",must
Permanent joining,21.4,"In order to carry out the approvals referred to above, the third party must perform  examinations and tests as set out in the appropriate harmonised standards or equivalent  examinations and tests or must have them performed.  Non-destructive tests",must
Permanent joining,22,"For pressure equipment, non-destructive tests of permanent joints must be carried out by  suitable qualified personnel provided that for pressure equipment in categories III and IV, the  personnel must be approved by a recognised third-party organisation.",must
Heat treatment,23,"Where there is a risk that the manufacturing process will change the material properties to an  extent which would impair the safety of the pressure equipment, suitable heat treatment must be  applied at the appropriate stage of manufacture.",must
Traceability,24,"Suitable procedures must be established and maintained for identifying the material making  up the components of the equipment which contribute to pressure resistance by suitable means  from receipt, through production, up to the final test of the manufactured pressure equipment.",must
Final assessment,25,Pressure equipment must be subjected to final assessment in accordance with paragraphs 26  to 28.,must
Final inspection,26.1,"Pressure equipment must undergo a final inspection to assess visually and by  examination of the accompanying documents compliance with the requirements of these  Regulations, for which purpose tests carried out during manufacture may be taken into account.",must
Final inspection,26.2,"So far as is necessary on safety grounds, the final inspection must be carried out internally  and externally on every part of the equipment, where appropriate in the course of manufacture (for  example where examination during the final inspection is no longer possible).",must
Proof test,27.1,"Final assessment of pressure equipment must include a test for the pressure  containment aspect, which will normally take the form of a hydrostatic pressure test at a pressure  at least equal, where appropriate, to the value laid down in paragraph 40.",must
Proof test,27.3,"Where the hydrostatic pressure test is harmful or impractical, other tests of a recognised  value may be carried out provided that additional measures, such as non-destructive tests or other  methods of equivalent validity, must be applied before such other tests are carried out.",must
Inspection of safety devices,28,"For assemblies, the final assessment must also include a check of the safety devices intended  to check full compliance with the requirements referred to in paragraph 14.",must
Marking and labelling,29.1.b.iii,", the following information must be  provided—   for all pressure equipment—   the year of manufacture;   identification of the pressure equipment according to its nature, such as type, series  or batch identification and serial number;   essential maximum/minimum allowable limits.   depending on the type of pressure equipment, further information necessary for the safe  installation, operation or use and, where applicable, maintenance and periodic inspection  of the pressure equipment such as:",must
Operating instructions,30.1.d,"When pressure equipment is made available on the market, it must be accompanied, as  far as relevant, with instructions for the user, containing all the necessary safety information  relating to—   mounting including assembling of different pieces of pressure equipment;   putting into service;   use;   maintenance including checks by the user.",must
Operating instructions,30.2,"Instructions must include information affixed to the pressure equipment in accordance with  paragraph 29, with the exception of serial identification, and must be accompanied, where  appropriate, by the technical documents, drawings and diagrams necessary for a full understanding  of these instructions.",must
Operating instructions,30.3,"If appropriate, these instructions must also refer to risks arising from misuse in accordance  with paragraph 2",must
PART 4  | MATERIALS,31.1,Materials used for the manufacture of pressure equipment must be suitable for such  application during the scheduled lifetime unless replacement is foreseen.,must
PART 4  | MATERIALS,31.3,Materials for pressurised parts must—,must
Fired or otherwise heated pressure equipment with a risk of overheating as referred to in  | regulation 6,33.1.e,"must be calculated, designed  and constructed so as to avoid or minimise risks of a significant loss of containment from  overheating; in particular it must be ensured, where applicable, that—   appropriate means of protection are provided to restrict operating parameters such as heat  input, heat take- off and, where applicable, fluid level so as to avoid any risk of local and  general overheating;   sampling points are provided where required to allow evaluation of the properties of the  fluid so as to avoid risks related to deposits and/or corrosion;   adequate provisions are made to eliminate risks of damage from deposits;   means of safe removal of residual heat after shutdown are provided;   steps are taken to avoid a dangerous accumulation of ignitable mixtures of combustible  substances and air, or flame blowback.",must
Piping as referred to in regulation 6(c),34.g,"must ensure that—   that the risk of overstressing from inadmissible free movement or excessive forces being  produced, e.g. on flanges, connections, bellows or hoses, is adequately controlled by  means such as support, constraint, anchoring, alignment and pre-tension;   that where there is a possibility of condensation occurring inside pipes for gaseous fluids,  means are provided for drainage and removal of deposits from low areas to avoid damage  from water hammer or corrosion;   that due consideration is given to the potential damage from turbulence and formation of  vortices; the relevant parts of paragraph 11 are applicable;   that due consideration is given to the risk of fatigue due to vibrations in pipes;   that, where fluids of Group 1 are contained in the piping, appropriate means are provided  to isolate ‘take-off’ pipes the size of which represents a significant risk;   that the risk of inadvertent discharge is minimised; the take-off points must be clearly  marked on the permanent side, indicating the fluid contained;   that the position and route of underground piping is recorded in the technical  documentation to facilitate safe maintenance, inspection or repair.",must
Joint coefficients,38.1.c,"For welded joints, the joint coefficient must not exceed the following values—   for equipment subject to destructive and non-destructive tests which confirm that the  whole series of joints show no significant defects: 1;   for equipment subject to random non-destructive testing: 0.85;   for equipment not subject to non-destructive testing other than visual inspection: 0.7.",must
Joint coefficients,38.1,", the type of stress and  the mechanical and technological properties of the joint must also be taken into account.",must
"Pressure limiting devices, particularly for pressure vessels",39,The momentary pressure surge referred to in paragraph 16 must be kept to 10% of the  maximum allowable pressure.,must
SCHEDULE 3  | Regulation 10  | Classification of pressure equipment,1,Pressure equipment referred to in regulation 6 must be classified by category in accordance  with Annex II to the Directive (as amended from time to time) according to an ascending level of  hazard.,must
SCHEDULE 3  | Regulation 10  | Classification of pressure equipment,2.1.d.ii,"In order to determine the appropriate category for classification of pressure equipment  coming within regulation 6 to , the manufacturer must refer to the following tables within  Annex II to the Directive, as amended from time to time—   for pressure equipment coming within—   regulation 6(aa), table 1;   regulation 6(bb), table 2;   regulation 6(aa), table 3;   regulation 6(bb), table 4;   regulation 6, table 5;   regulation 6(aa), table 6;   regulation 6(bb), table 7;   regulation 6(aa), table 8;   regulation 6(bb), table 9;   for pressure equipment coming within regulation 6, the category must be determined in  accordance with paragraphs",must
SCHEDULE 3  | Regulation 10  | Classification of pressure equipment,2.2,"Where a vessel is composed of a number of chambers, it must be classified in the highest  category applicable to the individual chambers and, where a chamber contains several fluids,  classification must be on the basis of the fluid which requires the highest category.",must
SCHEDULE 3  | Regulation 10  | Classification of pressure equipment,3.1,", fluids shall be divided into  the following two groups—",shall
"SCHEDULE 4  | Regulation 2(1), 56(3)  | Notified body requirements",1,A notified body or recognised third party organisation must meet the requirements for  conformity assessment bodies set out in this Schedule.,must
"SCHEDULE 4  | Regulation 2(1), 56(3)  | Notified body requirements",2,A conformity assessment body must be established in the United Kingdom and have legal  personality.,must
"SCHEDULE 4  | Regulation 2(1), 56(3)  | Notified body requirements",3,A conformity assessment body must be a third party body independent of the organisation or  the pressure equipment it assesses.,must
"SCHEDULE 4  | Regulation 2(1), 56(3)  | Notified body requirements",4.1,"A conformity assessment body, its top level management and the personnel responsible  for carrying out the conformity assessment activities must not be the designer, manufacturer,  supplier, installer, purchaser, owner, user or maintainer of pressure equipment or assemblies, nor  the representative of any of those parties.",must
"SCHEDULE 4  | Regulation 2(1), 56(3)  | Notified body requirements",5,"A conformity assessment body, its top level management and the personnel responsible for  carrying out the conformity assessment activities must not be directly involved in the design,  manufacture or construction, the marketing, installation, use or maintenance of pressure  equipment or assemblies, or represent the parties engaged in those activities.",must
"SCHEDULE 4  | Regulation 2(1), 56(3)  | Notified body requirements",7,"A conformity assessment body must ensure that the activities of its subsidiaries or  subcontractors do not affect the confidentiality, objectivity or impartiality of their conformity  assessment activities.",must
"SCHEDULE 4  | Regulation 2(1), 56(3)  | Notified body requirements",8,"A conformity assessment body and its personnel must carry out the conformity assessment  activities with the highest degree of professional integrity and the requisite technical competence  in the specific field and must be free from all pressures and inducements, particularly financial,  which might influence their judgment or the results of their conformity assessment activities,  especially as regards persons or groups of persons with an interest in those activities.",must
"SCHEDULE 4  | Regulation 2(1), 56(3)  | Notified body requirements",9,"A conformity assessment body must be capable of carrying out all of the conformity  assessment activities for which it has been authorised, whether those activities are carried out by  the conformity assessment body itself or on its behalf and under its responsibility.",must
"SCHEDULE 4  | Regulation 2(1), 56(3)  | Notified body requirements",11,A conformity assessment body must have the means necessary to perform the technical and  administrative tasks connected with the conformity assessment activities in an appropriate manner  and must have access to the necessary equipment or facilities.,must
"SCHEDULE 4  | Regulation 2(1), 56(3)  | Notified body requirements",13,A conformity assessment body must be able to demonstrate the impartiality of its top level  management and the personnel responsible for carrying out the conformity assessment activities.,must
"SCHEDULE 4  | Regulation 2(1), 56(3)  | Notified body requirements",14,The remuneration of the top level management and the personnel responsible for carrying  out the conformity assessment activities must not depend on the number of assessments carried  out or on the results of those assessments.,must
"SCHEDULE 4  | Regulation 2(1), 56(3)  | Notified body requirements",15,"A conformity assessment body must have, and must satisfy the Secretary of State that it has,  adequate civil liability insurance in respect of its activities.",must
"SCHEDULE 4  | Regulation 2(1), 56(3)  | Notified body requirements",16,A conformity assessment body must ensure that its personnel observe professional secrecy  with regard to all information obtained in carrying out their tasks in accordance with these  Regulations and that proprietary rights are protected.,must
"SCHEDULE 4  | Regulation 2(1), 56(3)  | Notified body requirements",18,"A conformity assessment body must participate in, or ensure that its personnel who are  responsible for carrying out the conformity assessment activities are informed of, the relevant  standardisation activities and the activities of any notified body coordination group established  under the Directive and must apply as general guidance the administrative decisions and  documents produced as a result of the work of that group.",must
"SCHEDULE 5  | Regulation 2(1), 58(3)  | User inspectorate requirements",1,A user inspectorate must be established in the United Kingdom and have legal personality.,must
"SCHEDULE 5  | Regulation 2(1), 58(3)  | User inspectorate requirements",2,A user inspectorate must be organisationally identifiable and have reporting methods within  the group of which it is part which can demonstrate its impartiality.,must
"SCHEDULE 5  | Regulation 2(1), 58(3)  | User inspectorate requirements",3.1,"A user inspectorate, its top level management and the personnel responsible for carrying  out the conformity assessment tasks must not be the designer, manufacturer, supplier, installer,  purchaser, owner, user or maintainer of the pressure equipment or assembly which they assess, nor  the authorised representative of any of those parties.",must
"SCHEDULE 5  | Regulation 2(1), 58(3)  | User inspectorate requirements",4,"A user inspectorate, its top level management and the personnel responsible for carrying out  the conformity assessment tasks must not be directly involved in the design, manufacture or  construction, the marketing, installation, use or maintenance of that pressure equipment or   assembly, or represent the parties engaged in those activities.",must
"SCHEDULE 5  | Regulation 2(1), 58(3)  | User inspectorate requirements",5,"A user inspectorate, its top level management and the personnel responsible for carrying out  the conformity assessment tasks must not engage in activity that may conflict with their  independence of judgment or integrity in relation to conformity assessment activities for which  they are notified (including consultancy services).",must
"SCHEDULE 5  | Regulation 2(1), 58(3)  | User inspectorate requirements",6,"A user inspectorate and its personnel must carry out the conformity assessment activities with  the highest degree of professional integrity and the requisite technical competence in the specific  field and must be free from all pressures and inducements, particularly financial, which might  influence their judgment or the results of their conformity assessment activities, especially as  regards persons or groups of persons with an interest in the results of those activities.",must
"SCHEDULE 5  | Regulation 2(1), 58(3)  | User inspectorate requirements",7,"A user inspectorate must be capable of carrying out all of the conformity assessment tasks in  respect of which it has been notified, whether those tasks are carried out by the user inspectorate  itself or on its behalf and under its responsibility.",must
"SCHEDULE 5  | Regulation 2(1), 58(3)  | User inspectorate requirements",9,A user inspectorate must have the means necessary to perform the technical and  administrative tasks connected with the conformity assessment activities in an appropriate manner  and must have access to all necessary equipment or facilities.,must
"SCHEDULE 5  | Regulation 2(1), 58(3)  | User inspectorate requirements",11,A user inspectorate must be able to demonstrate the impartiality of its top level management  and the personnel responsible for carrying out the conformity assessment activities.  User  inspectorates must not engage in any activities that might conflict with their independence of  judgment and integrity in relation to their inspection activities.,must
"SCHEDULE 5  | Regulation 2(1), 58(3)  | User inspectorate requirements",12,The remuneration of the top level management and the personnel responsible for carrying  out the conformity assessment tasks must not depend on the number of assessments carried out or  on the results of those assessments.,must
"SCHEDULE 5  | Regulation 2(1), 58(3)  | User inspectorate requirements",13,"Unless liability is assumed by the group of which it is part, a user inspectorate must have,  and must satisfy the Secretary of State that it has, adequate civil liability insurance in respect of its  activities. If liability is assumed by the group of which the user inspectorate is part, the user  inspectorate must satisfy the Secretary of State that that group has adequate civil liability  insurance in respect of those activities.",must
"SCHEDULE 5  | Regulation 2(1), 58(3)  | User inspectorate requirements",14,A user inspectorate must ensure that its personnel observe professional secrecy with regard  to all information obtained in carrying out their tasks in accordance with these Regulations and  that proprietary rights are protected.,must
"SCHEDULE 5  | Regulation 2(1), 58(3)  | User inspectorate requirements",16,"A user inspectorate must participate in, or ensure that its personnel who are responsible for  carrying out the conformity assessment activities are informed of, the relevant standardisation  activities and the activities of any notified body coordination group established under the Directive  and must apply as general guidance the administrative decisions and documents produced as a  result of the work of that group.",must
"SCHEDULE 6  | Regulation 64(1)  | Operational obligations of notified bodies, recognised third party  | organisations and user inspectorates",1,"A notified body, recognised third party organisation or user inspectorate must carry out  conformity assessments in accordance with the relevant conformity assessment procedures.",must
"SCHEDULE 6  | Regulation 64(1)  | Operational obligations of notified bodies, recognised third party  | organisations and user inspectorates",2,"A notified body, recognised third party organisation or user inspectorate must carry out  conformity assessments in a proportionate manner, avoiding unnecessary burdens on economic  operators.",must
"SCHEDULE 6  | Regulation 64(1)  | Operational obligations of notified bodies, recognised third party  | organisations and user inspectorates",3,"A notified body, recognised third party organisation or user inspectorate must perform its  activities taking due account of the size of an undertaking, the sector in which it operates, its  structure, the degree of complexity of the product technology in question and the mass or serial  nature of the production process.",must
"SCHEDULE 6  | Regulation 64(1)  | Operational obligations of notified bodies, recognised third party  | organisations and user inspectorates",4,"A notified body, recognised third party organisation or user inspectorate must respect the  degree of rigour and the level of protection required to ensure that the pressure equipment is in  conformity with the requirements of these Regulations.",must
"SCHEDULE 6  | Regulation 64(1)  | Operational obligations of notified bodies, recognised third party  | organisations and user inspectorates",5,"Where a notified body, recognised third party organisation or user inspectorate finds that  essential safety requirements or corresponding harmonised standards or other technical  specifications have not been met by a manufacturer, it must require the manufacturer to take  appropriate corrective measures and must not issue a certificate of conformity or grant an  approval.",must
"SCHEDULE 6  | Regulation 64(1)  | Operational obligations of notified bodies, recognised third party  | organisations and user inspectorates",6,"Where, in the course of the monitoring of conformity following the issue of a certificate or  grant of an approval, a notified body, recognised third party organisation or user inspectorate finds  that pressure equipment or an assembly is no longer in conformity with the essential safety  requirements, it must require the manufacturer to take appropriate corrective measures and must  suspend or withdraw the certificate of conformity or approval if necessary.",must
"SCHEDULE 6  | Regulation 64(1)  | Operational obligations of notified bodies, recognised third party  | organisations and user inspectorates",7,"Where the notified body, recognised third party organisation or user inspectorate has required  a manufacturer to take corrective measures and the manufacturer has failed to take such measures,  or those measures have not had the required effect, the notified body must restrict, suspend or  withdraw any certificate of conformity or approval.",must
"SCHEDULE 6  | Regulation 64(1)  | Operational obligations of notified bodies, recognised third party  | organisations and user inspectorates",12,"A notified body, recognised third party organisation or user inspectorate must provide other  bodies notified under the Directive carrying out similar conformity assessment activities covering",must
"SCHEDULE 6  | Regulation 64(1)  | Operational obligations of notified bodies, recognised third party  | organisations and user inspectorates",13,"A notified body, recognised third party organisation or user inspectorate must participate in  the work of any notified body coordination group established under the Directive, directly or by  means of its designated representatives.",must
"SCHEDULE 10  | Regulation 68(4)  | Compliance, withdrawal and recall notices  | Compliance notice",1.2.a.ii,"A compliance notice must—   require the relevant economic operator on which it is served to—   end the non-compliance within such period as may be specified in the notice;   provide evidence, within such period as may be specified in the notice,  demonstrating to the satisfaction of the enforcing authority that the non-compliance  has not in fact occurred;   warn the economic operator that, if the non-compliance persists or if satisfactory evidence  has not been produced under sub-paragraph  within the period specified in the notice,  further action may be taken in respect of the pressure equipment or assembly or any  pressure equipment or assembly of the same type made available on the market by that  relevant economic operator.",must
Withdrawal notice,2.2,A withdrawal notice must prohibit the relevant economic operator from making the pressure  equipment or assembly available on the market without the consent of the enforcing authority.,must
Recall notice,3.2,A recall notice must require the relevant economic operator to use reasonable endeavours to  organise the return of the pressure equipment or assembly from end-users to the relevant economic  operator or another person specified in the notice.,must
